Species 1,Species 2,Mole frac species 1,Mole frac species 2,Temp (K),Author,type
KCl,ZrCl4,0.99733,0.00267,1051.1472,Morozov (1959),
KCl,ZrCl4,0.962617,0.037383,1030.8369,Morozov (1959),
KCl,ZrCl4,0.910547,0.089453,1012.2191,Morozov (1959),
KCl,ZrCl4,0.857143,0.142857,985.985,Morozov (1959),
KCl,ZrCl4,0.757009,0.242991,866.662,Morozov (1959),
KCl,ZrCl4,0.963952,0.036048,857.3531,Morozov (1959),
KCl,ZrCl4,0.911883,0.088117,863.2769,Morozov (1959),
KCl,ZrCl4,0.858478,0.141522,865.8157,Morozov (1959),
KCl,ZrCl4,0.806409,0.193591,869.2008,Morozov (1959),
KCl,ZrCl4,0.802403,0.197597,897.9737,Morozov (1959),
KCl,ZrCl4,0.715621,0.284379,979.2149,Morozov (1959),
KCl,ZrCl4,0.663551,0.336449,1068.9187,Morozov (1959),
KCl,ZrCl4,0.556742,0.443258,897.1274,Morozov (1959),
KCl,ZrCl4,0.512684,0.487316,830.2727,Morozov (1959),
KCl,ZrCl4,0.464619,0.535381,614.4758,Morozov (1959),
KCl,ZrCl4,0.420561,0.579439,494.3066,Morozov (1959),
KCl,ZrCl4,0.244326,0.755674,618.7071,Morozov (1959),
KCl,ZrCl4,0,1,710.9497,Morozov (1959),
KCl,ZrCl4,0.554072,0.445928,494.3066,Morozov (1959),
KCl,ZrCl4,0.512684,0.487316,493.4603,Morozov (1959),
KCl,ZrCl4,0.463284,0.536716,494.3066,Morozov (1959),
KCl,ZrCl4,0.241656,0.758344,501.9229,Morozov (1959),
KCl,ZrCl4,0.715621,0.284379,862.4307,Morozov (1959),
KCl,ZrCl4,0.911883,0.088117,803.1923,Morozov (1959),
KCl,ZrCl4,0.859813,0.140187,800.6535,Morozov (1959),
KCl,ZrCl4,0.810414,0.189586,801.4998,Morozov (1959),
KCl,ZrCl4,0.758344,0.241656,801.4998,Morozov (1959),
KCl,ZrCl4,0.716956,0.283044,803.1923,Morozov (1959),
KCl,ZrCl4,0.521611,0.478389,716.4217,Howell (1957),
KCl,ZrCl4,0.500894,0.499106,693.027,Howell (1957),
KCl,ZrCl4,0.481654,0.518346,672.556,Howell (1957),
KCl,ZrCl4,0.456492,0.543508,646.9666,Howell (1957),
KCl,ZrCl4,0.433563,0.566437,617.3597,Howell (1957),
KCl,ZrCl4,0.413608,0.586392,584.4666,Howell (1957),
KCl,ZrCl4,0.415828,0.584172,587.0253,Howell (1957),
KCl,ZrCl4,0.395864,0.604136,558.151,Howell (1957),
KCl,ZrCl4,0.389207,0.610793,550.1093,Howell (1957),
KCl,ZrCl4,0.376624,0.623376,538.0453,Howell (1957),
KCl,ZrCl4,0.370682,0.629318,542.0605,Howell (1957),
KCl,ZrCl4,0.365485,0.634515,544.6147,Howell (1957),
KCl,ZrCl4,0.343959,0.656041,553.0045,Howell (1957),
KCl,ZrCl4,0.348923344,0.651076656,577.4744757,Kellogg (1965),
KCl,ZrCl4,0.35222782,0.64777218,546.3468197,Kellogg (1965),
KCl,ZrCl4,0.351413211,0.648586789,507.5033957,Kellogg (1965),
KCl,ZrCl4,0.33845275,0.66154725,507.496255,Kellogg (1965),
KCl,ZrCl4,0.327537738,0.672462262,507.2147591,Kellogg (1965),
KCl,ZrCl4,0.337114799,0.662885201,515.2090164,Kellogg (1965),
KCl,ZrCl4,0.337884309,0.662115691,540.8292751,Kellogg (1965),
KCl,ZrCl4,0.337201239,0.662798761,540.5534167,Kellogg (1965),
KCl,ZrCl4,0.348816233,0.651183767,546.069458,Kellogg (1965),
KCl,ZrCl4,0.328430332,0.671569668,568.9232399,Kellogg (1965),
KCl,ZrCl4,0.329828415,0.670171585,578.8413655,Kellogg (1965),
KCl,ZrCl4,0.325734699,0.674265301,578.5636279,Kellogg (1965),
KCl,ZrCl4,0.329147225,0.670852775,579.1164723,Kellogg (1965),
KCl,ZrCl4,0.30681547,0.69318453,631.4457661,Kellogg (1965),
KCl,ZrCl4,0.304768142,0.695231858,631.169156,Kellogg (1965),
KCl,ZrCl4,0.301382863,0.698617137,638.6053074,Kellogg (1965),
KCl,ZrCl4,0.299340232,0.700659768,639.7061103,Kellogg (1965),
KCl,ZrCl4,0.293910444,0.706089556,647.6920994,Kellogg (1965),
KCl,ZrCl4,0.292547124,0.707452876,647.9668304,Kellogg (1965),
KCl,ZrCl4,0.000123084,0.999876916,709.2382221,Kellogg (1965),
KCl,ZrCl4,0.666770532,0.333229468,1072.999892,Lister and Flengas (1965),
KCl,ZrCl4,0.681955401,0.318044599,1058.405698,Lister and Flengas (1965),
KCl,ZrCl4,0.689997074,0.310002926,1046.114719,Lister and Flengas (1965),
KCl,ZrCl4,0.697719713,0.302280287,1039.028061,Lister and Flengas (1965),
KCl,ZrCl4,0.717066147,0.282933853,1006.954659,Lister and Flengas (1965),
KCl,ZrCl4,0.72959668,0.27040332,981.9675923,Lister and Flengas (1965),
KCl,ZrCl4,0.737995031,0.262004969,973.4268173,Lister and Flengas (1965),
KCl,ZrCl4,0.745644228,0.254355772,966.9683969,Lister and Flengas (1965),
KCl,ZrCl4,0.773289218,0.226710782,889.9438495,Lister and Flengas (1965),
KCl,ZrCl4,0.787987855,0.212012145,895.7613959,Lister and Flengas (1965),
KCl,ZrCl4,0.818402586,0.181597414,937.3674474,Lister and Flengas (1965),
KCl,ZrCl4,0.834528608,0.165471392,950.2627962,Lister and Flengas (1965),
KCl,ZrCl4,0.866002931,0.133997069,982.2993694,Lister and Flengas (1965),
KCl,ZrCl4,0.888404531,0.111595469,999.1486106,Lister and Flengas (1965),
KCl,ZrCl4,0.928813376,0.071186624,1022.861274,Lister and Flengas (1965),
KCl,ZrCl4,0.697952539,0.302047461,865.8747855,Lister and Flengas (1965),
KCl,ZrCl4,0.717134459,0.282865541,867.308382,Lister and Flengas (1965),
KCl,ZrCl4,0.774240622,0.225759378,866.8422525,Lister and Flengas (1965),
KCl,ZrCl4,0.788184511,0.211815489,867.4574225,Lister and Flengas (1965),
KCl,ZrCl4,0.81847662,0.18152338,867.0240171,Lister and Flengas (1965),
KCl,ZrCl4,0.834157971,0.165842029,869.7218656,Lister and Flengas (1965),
NaCl,ZrCl4,0.999233533,0.000766467,1074.677711,Barton (1959),
NaCl,ZrCl4,0.90095343,0.09904657,1039.293072,Barton (1959),
NaCl,ZrCl4,0.850260638,0.149739362,1007.668874,Barton (1959),
NaCl,ZrCl4,0.798783555,0.201216445,962.8852082,Barton (1959),
NaCl,ZrCl4,0.748806727,0.251193273,891.0012834,Barton (1959),
NaCl,ZrCl4,0.718756065,0.281243935,797.3936591,Barton (1959),
NaCl,ZrCl4,0.699631026,0.300368974,845.4380786,Barton (1959),
NaCl,ZrCl4,0.667464162,0.332535838,897.3837564,Barton (1959),
NaCl,ZrCl4,0.619049977,0.380950023,847.1736216,Barton (1959),
NaCl,ZrCl4,0.587555505,0.412444495,824.7951572,Barton (1959),
NaCl,ZrCl4,0.573676903,0.426323097,774.5048107,Barton (1959),
NaCl,ZrCl4,0.54828149,0.45171851,720.3702452,Barton (1959),
NaCl,ZrCl4,0.523625806,0.476374194,644.5565423,Barton (1959),
NaCl,ZrCl4,0.497528292,0.502471708,641.5203817,Barton (1959),
NaCl,ZrCl4,0.472959752,0.527040248,633.8355086,Barton (1959),
NaCl,ZrCl4,0.446087849,0.553912151,625.3817918,Barton (1959),
NaCl,ZrCl4,0.423048281,0.576951719,613.0482062,Barton (1959),
NaCl,ZrCl4,0.399998812,0.600001188,592.9727082,Barton (1959),
NaCl,ZrCl4,0.372361432,0.627638568,586.0691563,Barton (1959),
NaCl,ZrCl4,0.350114079,0.649885921,593.0885695,Barton (1959),
NaCl,ZrCl4,0.299520314,0.700479686,638.883497,Barton (1959),
NaCl,ZrCl4,0.247369849,0.752630151,667.6497819,Barton (1959),
NaCl,ZrCl4,-0.001229912,1.001229912,712.3562072,Barton (1959),
NaCl,ZrCl4,0.900654369,0.099345631,805.4873147,Barton (1959),
NaCl,ZrCl4,0.851531152,0.148468848,800.956246,Barton (1959),
NaCl,ZrCl4,0.800118436,0.199881564,806.495011,Barton (1959),
NaCl,ZrCl4,0.751003141,0.248996859,808.1574724,Barton (1959),
NaCl,ZrCl4,0.694194457,0.305805543,795.1281248,Barton (1959),
NaCl,ZrCl4,0.899003593,0.100996407,714.9105036,Barton (1959),
NaCl,ZrCl4,0.850655755,0.149344245,716.5711824,Barton (1959),
NaCl,ZrCl4,0.799236108,0.200763892,716.6906087,Barton (1959),
NaCl,ZrCl4,0.748584908,0.251415092,717.5824437,Barton (1959),
NaCl,ZrCl4,0.71788562,0.28211438,716.8795518,Barton (1959),
NaCl,ZrCl4,0.699468622,0.300531378,718.4707138,Barton (1959),
NaCl,ZrCl4,0.664919174,0.335080826,707.712248,Barton (1959),
NaCl,ZrCl4,0.900441461,0.099558539,639.0361963,Barton (1959),
NaCl,ZrCl4,0.850558709,0.149441291,640.7004401,Barton (1959),
NaCl,ZrCl4,0.799907509,0.200092491,641.5922751,Barton (1959),
NaCl,ZrCl4,0.748488852,0.251511148,642.4858926,Barton (1959),
NaCl,ZrCl4,0.717788574,0.282211426,641.0088094,Barton (1959),
NaCl,ZrCl4,0.697836661,0.302163339,642.6035364,Barton (1959),
NaCl,ZrCl4,0.665603449,0.334396551,642.6784007,Barton (1959),
NaCl,ZrCl4,0.901946668,0.098053332,615.8068938,Barton (1959),
NaCl,ZrCl4,0.749204815,0.250795185,602.2261652,Barton (1959),
NaCl,ZrCl4,0.717744012,0.282255988,606.1702032,Barton (1959),
NaCl,ZrCl4,0.69701969,0.30298031,603.8957565,Barton (1959),
NaCl,ZrCl4,0.66401605,0.33598395,601.6498295,Barton (1959),
NaCl,ZrCl4,0.618829147,0.381170853,674.5289733,Barton (1959),
NaCl,ZrCl4,0.573549159,0.426450841,674.6341397,Barton (1959),
NaCl,ZrCl4,0.618787556,0.381212444,642.0129408,Barton (1959),
NaCl,ZrCl4,0.586564247,0.413435753,649.8297175,Barton (1959),
NaCl,ZrCl4,0.586553354,0.413446646,641.3136138,Barton (1959),
NaCl,ZrCl4,0.5727411,0.4272589,642.894081,Barton (1959),
NaCl,ZrCl4,0.548182463,0.451817537,642.9511204,Barton (1959),
NaCl,ZrCl4,0.618760819,0.381239181,621.1097771,Barton (1959),
NaCl,ZrCl4,0.58576213,0.41423787,622.7348063,Barton (1959),
NaCl,ZrCl4,0.572714363,0.427285637,621.9909173,Barton (1959),
NaCl,ZrCl4,0.547388268,0.452611732,622.0497392,Barton (1959),
NaCl,ZrCl4,0.523597088,0.476402912,622.1049961,Barton (1959),
NaCl,ZrCl4,0.588774524,0.411225476,577.824584,Barton (1959),
NaCl,ZrCl4,0.574192833,0.425807167,577.8584511,Barton (1959),
NaCl,ZrCl4,0.547331823,0.452668177,577.920838,Barton (1959),
NaCl,ZrCl4,0.525074567,0.474925433,577.1983387,Barton (1959),
NaCl,ZrCl4,0.498988937,0.501011063,583.4524731,Barton (1959),
NaCl,ZrCl4,0.475190825,0.524809175,578.0883913,Barton (1959),
NaCl,ZrCl4,0.449107175,0.550892825,585.8909082,Barton (1959),
NaCl,ZrCl4,0.425314014,0.574685986,584.3977826,Barton (1959),
NaCl,ZrCl4,0.300988881,0.699011119,587.0091184,Barton (1959),
NaCl,ZrCl4,0.249574185,0.750425815,590.9995009,Barton (1959),
NaCl,ZrCl4,0.998,0.002,1073.358,Howell (1957),
NaCl,ZrCl4,0.726,0.274,836.972,Howell (1957),
NaCl,ZrCl4,0.726,0.274,821.383,Howell (1957),
NaCl,ZrCl4,0.702,0.298,823.288,Howell (1957),
NaCl,ZrCl4,0.703,0.297,876.531,Howell (1957),
NaCl,ZrCl4,0.672,0.328,914.887,Howell (1957),
NaCl,ZrCl4,0.532,0.468,739.731,Howell (1957),
NaCl,ZrCl4,0.536,0.464,656.272,Howell (1957),
NaCl,ZrCl4,0.576,0.424,656.293,Howell (1957),
NaCl,ZrCl4,0.602,0.398,656.308,Howell (1957),
NaCl,ZrCl4,0.624,0.376,657.759,Howell (1957),
NaCl,ZrCl4,0.471,0.529,637.528,Howell (1957),
NaCl,ZrCl4,0.419,0.581,613.516,Howell (1957),
NaCl,ZrCl4,0.468,0.532,587.881,Howell (1957),
NaCl,ZrCl4,0.419,0.581,588.574,Howell (1957),
NaCl,ZrCl4,0.389,0.611,588.557,Howell (1957),
NaCl,ZrCl4,0.378,0.622,587.591,Howell (1957),
NaCl,ZrCl4,0.342,0.658,590.929,Howell (1957),
NaCl,ZrCl4,0.354,0.646,593.814,Howell (1957),
NaCl,ZrCl4,0.342,0.658,607.238,Howell (1957),
NaCl,ZrCl4,0.286,0.714,624.475,Howell (1957),
NaCl,ZrCl4,0.001,0.999,710.177,Howell (1957),
BaF2,UF4,1,0,1633.15,Recker (1974),
BaF2,UF4,0.900158645,0.099841355,1627.662912,Recker (1974),
BaF2,UF4,0.797791849,0.202208151,1583.784309,Recker (1974),
BaF2,UF4,0.750042373,0.249957627,1552.985118,Recker (1974),
BaF2,UF4,0.698242022,0.301757978,1499.592213,Recker (1974),
BaF2,UF4,0.596065058,0.403934942,1365.391642,Recker (1974),
BaF2,UF4,0.547078285,0.452921715,1273.298137,Recker (1974),
BaF2,UF4,0.496718622,0.503281378,1184.426009,Recker (1974),
BaF2,UF4,0.446297941,0.553702059,1124.585942,Recker (1974),
BaF2,UF4,0.395924718,0.604075282,1042.165383,Recker (1974),
BaF2,UF4,0.363307548,0.636692452,961.4150052,Recker (1974),
BaF2,UF4,0.34545319,0.65454681,1006.518701,Recker (1974),
BaF2,UF4,0.298866433,0.701133567,1072.497453,Recker (1974),
BaF2,UF4,0.198957281,0.801042719,1159.27194,Recker (1974),
BaF2,UF4,0.097736256,0.902263744,1220.235743,Recker (1974),
BaF2,UF4,-0.000742378,1.000742378,1276.369683,Recker (1974),
BaF2,UF4,0.697536932,0.302463068,1185.07381,Recker (1974),
BaF2,UF4,0.596434552,0.403565448,1189.586383,Recker (1974),
BaF2,UF4,0.446647096,0.553352904,958.458036,Recker (1974),
BaF2,UF4,0.396100991,0.603899009,958.294984,Recker (1974),
BaF2,UF4,0.345544716,0.654455284,962.970609,Recker (1974),
BaF2,UF4,0.299093553,0.700906447,964.4336697,Recker (1974),
BaF2,UF4,0.199364063,0.800635937,965.7248649,Recker (1974),
BaF2,UF4,0.099637964,0.900362036,965.4031678,Recker (1974),
BaF2,UF4,0.74,0.26,763,Mukherjee (2017),
BaF2,UF4,0.28,0.72,917,Mukherjee (2017),
BaF2,UF4,0.5,0.5,1267,Mukherjee (2017),
CaF2,UF4,1,0,1694.968357,Nekrasova (1967),
CaF2,UF4,0.974506164,0.025493836,1672.356332,Nekrasova (1967),
CaF2,UF4,0.962320089,0.037679911,1640.152032,Nekrasova (1967),
CaF2,UF4,0.887045423,0.112954577,1610.176169,Nekrasova (1967),
CaF2,UF4,0.850605914,0.149394086,1591.163572,Nekrasova (1967),
CaF2,UF4,0.766784395,0.233215605,1515.129448,Nekrasova (1967),
CaF2,UF4,0.736305155,0.263694845,1494.28112,Nekrasova (1967),
CaF2,UF4,0.65618571,0.34381429,1416.292756,Nekrasova (1967),
CaF2,UF4,0.640868035,0.359131965,1428.54568,Nekrasova (1967),
CaF2,UF4,0.61658509,0.38341491,1395.409571,Nekrasova (1967),
CaF2,UF4,0.575831617,0.424168383,1351.015087,Nekrasova (1967),
CaF2,UF4,0.76615507,0.23384493,1271.197963,Nekrasova (1967),
CaF2,UF4,0.735107076,0.264892924,1272.324962,Nekrasova (1967),
CaF2,UF4,0.659221261,0.340778739,1284.447759,Nekrasova (1967),
CaF2,UF4,0.641475996,0.358524004,1283.843594,Nekrasova (1967),
CaF2,UF4,0.614725823,0.385274177,1271.181697,Nekrasova (1967),
CaF2,UF4,0.584070485,0.415929515,1281.259628,Nekrasova (1967),
CaF2,UF4,0.56429626,0.43570374,1300.337289,Nekrasova (1967),
CaF2,UF4,0.565006921,0.434993079,1265.483959,Nekrasova (1967),
CaF2,UF4,0.548412943,0.451587057,1276.95844,Nekrasova (1967),
CaF2,UF4,0.52547497,0.47452503,1288.467777,Nekrasova (1967),
CaF2,UF4,0.499799307,0.500200693,1285.591024,Nekrasova (1967),
CaF2,UF4,0.488650808,0.511349192,1268.988114,Nekrasova (1967),
CaF2,UF4,0.477199119,0.522800881,1252.385204,Nekrasova (1967),
CaF2,UF4,0.462849851,0.537150149,1238.826355,Nekrasova (1967),
CaF2,UF4,0.422852191,0.577147809,1223.120397,Nekrasova (1967),
CaF2,UF4,0.377556454,0.622443546,1218.026824,Nekrasova (1967),
CaF2,UF4,0.342915563,0.657084437,1204.537686,Nekrasova (1967),
CaF2,UF4,0.483413944,0.516586056,1130.38112,Nekrasova (1967),
CaF2,UF4,0.464063403,0.535936597,1116.092626,Nekrasova (1967),
CaF2,UF4,0.425779778,0.574220222,1114.015229,Nekrasova (1967),
CaF2,UF4,0.383947659,0.616052341,1111.180302,Nekrasova (1967),
CaF2,UF4,0.353516402,0.646483598,1124.948286,Nekrasova (1967),
CaF2,UF4,0.297240223,0.702759777,1126.686421,Nekrasova (1967),
CaF2,UF4,0.194721451,0.805278549,1112.641916,Nekrasova (1967),
CaF2,UF4,0.136352594,0.863647406,1147.662554,Nekrasova (1967),
CaF2,UF4,0.08657143,0.91342857,1235.675404,Nekrasova (1967),
CaF2,UF4,0,1,1290.412723,Nekrasova (1967),
LiF,SmF3,1,0,1120.775176,Fedorov (1999),
LiF,SmF3,0.955580932,0.044419068,1097.590164,Fedorov (1999),
LiF,SmF3,0.903061916,0.096938084,1058.948478,Fedorov (1999),
LiF,SmF3,0.802152889,0.197847111,980.9625293,Fedorov (1999),
LiF,SmF3,0.705840607,0.294159393,1004.147541,Fedorov (1999),
LiF,SmF3,0.667573112,0.332426888,1069.487119,Fedorov (1999),
LiF,SmF3,0.533273979,0.466726021,1219.135831,Fedorov (1999),
LiF,SmF3,0.505854801,0.494145199,1247.238876,Fedorov (1999),
LiF,SmF3,0.500516126,0.499483874,1284.47541,Fedorov (1999),
LiF,SmF3,0.401697408,0.598302592,1361.758782,Fedorov (1999),
LiF,SmF3,0.298856136,0.701143864,1462.929742,Fedorov (1999),
LiF,SmF3,0.23009529,0.76990471,1486.81733,Fedorov (1999),
LiF,SmF3,0.165515061,0.834484939,1521.24356,Fedorov (1999),
LiF,SmF3,0.081631731,0.918368269,1551.454333,Fedorov (1999),
LiF,SmF3,0.0789382,0.9210618,1564.803279,Fedorov (1999),
LiF,SmF3,0.001912891,0.998087109,1588.690867,Fedorov (1999),
LiF,SmF3,0.952129341,0.047870659,945.8337237,Fedorov (1999),
LiF,SmF3,0.899749034,0.100250966,937.4028103,Fedorov (1999),
LiF,SmF3,0.901013542,0.098986458,912.8126464,Fedorov (1999),
LiF,SmF3,0.951897085,0.048102915,895.2482436,Fedorov (1999),
LiF,SmF3,0.800565803,0.199434197,935.295082,Fedorov (1999),
LiF,SmF3,0.700030968,0.299969032,938.8079625,Fedorov (1999),
LiF,SmF3,0.664198941,0.335801059,934.5925059,Fedorov (1999),
LiF,SmF3,0.603589654,0.396410346,933.8899297,Fedorov (1999),
LiF,SmF3,0.536128799,0.463871201,940.9156909,Fedorov (1999),
LiF,SmF3,0.494803259,0.505196741,940.2131148,Fedorov (1999),
LiF,SmF3,0.45070677,0.54929323,935.9976581,Fedorov (1999),
LiF,SmF3,0.402510306,0.597489694,938.8079625,Fedorov (1999),
LiF,SmF3,0.403736105,0.596263895,905.7868852,Fedorov (1999),
LiF,SmF3,0.304698034,0.695301966,935.295082,Fedorov (1999),
LiF,SmF3,0.231685602,0.768314398,933.1873536,Fedorov (1999),
LiF,SmF3,0.087057503,0.912942497,933.1873536,Fedorov (1999),
LiF,SmF3,0.701189025,0.298810975,891.0327869,Fedorov (1999),
LiF,SmF3,0.658482848,0.341517152,889.6276347,Fedorov (1999),
LiF,SmF3,0.6020316,0.3979684,894.5456674,Fedorov (1999),
LiF,SmF3,0.534496552,0.465503448,885.412178,Fedorov (1999),
LiF,SmF3,0.493187141,0.506812859,888.2224824,Fedorov (1999),
LiF,SmF3,0.455997058,0.544002942,888.2224824,Fedorov (1999),
LiF,SmF3,0.235656544,0.764343456,898.058548,Fedorov (1999),
LiF,SmF3,0.162657015,0.837342985,898.7611241,Fedorov (1999),
LiF,SmF3,0.602702563,0.397297437,740.6814988,Fedorov (1999),
LiF,SmF3,0.529725615,0.470274385,746.3021077,Fedorov (1999),
LiF,SmF3,0.4980484,0.5019516,747.0046838,Fedorov (1999),
LiF,SmF3,0.401578054,0.598421946,735.763466,Fedorov (1999),
LiF,SmF3,0.203318043,0.796681957,754.7330211,Fedorov (1999),
LiF,SmF3,0.088928459,0.911071541,740.6814988,Fedorov (1999),
LiF,SmF3,0.850018507,0.149981493,1048.125321,Thoma (1970),
LiF,SmF3,0.800134721,0.199865279,1018.333723,Thoma (1970),
LiF,SmF3,0.750246646,0.249753354,983.1849803,Thoma (1970),
LiF,SmF3,0.699846939,0.300153061,1008.750219,Thoma (1970),
LiF,SmF3,0.600202748,0.399797252,1103.333764,Thoma (1970),
LiF,SmF3,0.499986423,0.500013577,1183.036016,Thoma (1970),
LiF,SmF3,0.84939683,0.15060317,971.3392363,Thoma (1970),
LiF,SmF3,0.749676894,0.250323106,971.2798792,Thoma (1970),
LiF,SmF3,0.699816927,0.300183073,971.2502007,Thoma (1970),
LiF,SmF3,0.649957435,0.350042565,971.8157605,Thoma (1970),
LiF,SmF3,0.499816831,0.500183169,971.131153,Thoma (1970),
NaCl,ZrCl4,0.67511464,0.32488536,909.6229164,Lister and Flengas (1965),
NaCl,ZrCl4,0.685971956,0.314028044,897.490729,Lister and Flengas (1965),
NaCl,ZrCl4,0.69640698,0.30359302,874.0356358,Lister and Flengas (1965),
NaCl,ZrCl4,0.702076306,0.297923694,862.3080892,Lister and Flengas (1965),
NaCl,ZrCl4,0.707422711,0.292577289,846.4284987,Lister and Flengas (1965),
NaCl,ZrCl4,0.723832226,0.276167774,819.3760838,Lister and Flengas (1965),
NaCl,ZrCl4,0.733886413,0.266113587,850.8831102,Lister and Flengas (1965),
NaCl,ZrCl4,0.740933792,0.259066208,862.1950605,Lister and Flengas (1965),
NaCl,ZrCl4,0.795310088,0.204689912,944.2268745,Lister and Flengas (1965),
NaCl,ZrCl4,0.830930493,0.169069507,991.3821791,Lister and Flengas (1965),
NaCl,ZrCl4,0.866806426,0.133193574,1017.02089,Lister and Flengas (1965),
NaCl,ZrCl4,0.923981216,0.076018784,1050.957809,Lister and Flengas (1965),
NaCl,ZrCl4,0.932643447,0.067356553,1052.084088,Lister and Flengas (1965),
NaCl,ZrCl4,0.960150771,0.039849229,1061.317077,Lister and Flengas (1965),
NaCl,ZrCl4,0.701917912,0.298082088,820.0112353,Lister and Flengas (1965),
NaCl,ZrCl4,0.733918493,0.266081507,823.3141837,Lister and Flengas (1965),
NaCl,ZrCl4,0.740710209,0.259289791,820.464686,Lister and Flengas (1965),
NaCl,ZrCl4,0.666666667,0.333333333,820.464686,Lister and Flengas (1965),
NaCl,ZrCl4,0.531506911,0.468493089,738.0065809,Kellogg (1955),
NaCl,ZrCl4,0.624443539,0.375556461,655.9597932,Kellogg (1955),
NaCl,ZrCl4,0.60105863,0.39894137,651.3710783,Kellogg (1955),
NaCl,ZrCl4,0.577760138,0.422239862,654.0055295,Kellogg (1955),
NaCl,ZrCl4,0.533489741,0.466510259,653.7381115,Kellogg (1955),
NaCl,ZrCl4,0.623718582,0.376281418,645.3654563,Kellogg (1955),
NaCl,ZrCl4,0.600982293,0.399017707,644.990615,Kellogg (1955),
NaCl,ZrCl4,0.580059357,0.419940643,646.1818733,Kellogg (1955),
NaCl,ZrCl4,0.53399433,0.46600567,645.9133751,Kellogg (1955),
NaCl,ZrCl4,0.624208768,0.375791232,636.3368589,Kellogg (1955),
NaCl,ZrCl4,0.600852665,0.399147335,634.1558661,Kellogg (1955),
NaCl,ZrCl4,0.578163906,0.421836094,637.7537661,Kellogg (1955),
NaCl,ZrCl4,0.533863262,0.466136738,634.95824,Kellogg (1955),
NaCl,ZrCl4,0.466268447,0.533731553,635.1583234,Kellogg (1955),
NaCl,ZrCl4,0.419320029,0.580679971,611.0530174,Kellogg (1955),
NaCl,ZrCl4,-0.000642859,1.000642859,709.1549659,Kellogg (1955),
NaCl,ZrCl4,0.340307379,0.659692621,606.9123597,Kellogg (1955),
NaCl,ZrCl4,0.623605278,0.376394722,585.8950831,Kellogg (1955),
NaCl,ZrCl4,0.600270779,0.399729221,585.5198818,Kellogg (1955),
NaCl,ZrCl4,0.579350723,0.420649277,586.9519123,Kellogg (1955),
NaCl,ZrCl4,0.533360593,0.466639407,592.9434912,Kellogg (1955),
NaCl,ZrCl4,0.465686561,0.534313439,586.5223391,Kellogg (1955),
NaCl,ZrCl4,0.418433756,0.581566244,586.9754374,Kellogg (1955),
NaCl,ZrCl4,0.386144836,0.613855164,588.1598541,Kellogg (1955),
NaCl,ZrCl4,0.383736154,0.616263846,586.8341667,Kellogg (1955),
NaCl,ZrCl4,0.386720001,0.613279999,586.2340366,Kellogg (1955),
NaCl,ZrCl4,0.377756938,0.622243062,587.0713381,Kellogg (1955),
NaCl,ZrCl4,0.349672769,0.650327231,589.7029087,Kellogg (1955),
NaCl,ZrCl4,0.340701064,0.659298936,589.8178936,Kellogg (1955),
NaCl,ZrCl4,0.350299785,0.649700215,592.1109907,Kellogg (1955),
NaCl,ZrCl4,0.995140918,0.004859082,1071.834786,Morozov and Korshunov (1956),
NaCl,ZrCl4,0.984855185,0.015144815,1056.197794,Morozov and Korshunov (1956),
NaCl,ZrCl4,0.963404407,0.036595593,1060.022542,Morozov and Korshunov (1956),
NaCl,ZrCl4,0.953118673,0.046881327,1044.38555,Morozov and Korshunov (1956),
NaCl,ZrCl4,0.931351072,0.068648928,1037.927952,Morozov and Korshunov (1956),
NaCl,ZrCl4,0.917219413,0.082780587,1024.745915,Morozov and Korshunov (1956),
NaCl,ZrCl4,0.893323846,0.106676154,1012.862512,Morozov and Korshunov (1956),
NaCl,ZrCl4,0.89080451,0.10919549,994.7349869,Morozov and Korshunov (1956),
NaCl,ZrCl4,0.871593518,0.128406482,1007.614603,Morozov and Korshunov (1956),
NaCl,ZrCl4,0.856276737,0.143723263,987.7881776,Morozov and Korshunov (1956),
NaCl,ZrCl4,0.796631003,0.203368997,961.1038908,Morozov and Korshunov (1956),
NaCl,ZrCl4,0.724034495,0.275965505,832.2899438,Morozov and Korshunov (1956),
NaCl,ZrCl4,0.690185265,0.309814735,879.1831304,Morozov and Korshunov (1956),
NaCl,ZrCl4,0.655225461,0.344774539,921.851305,Morozov and Korshunov (1956),
NaCl,ZrCl4,0.618535837,0.381464163,844.742611,Morozov and Korshunov (1956),
NaCl,ZrCl4,0.594159106,0.405840894,753.6068769,Morozov and Korshunov (1956),
NaCl,ZrCl4,0.958647827,0.041352173,810.1953544,Morozov and Korshunov (1956),
NaCl,ZrCl4,0.935069083,0.064930917,808.5942972,Morozov and Korshunov (1956),
NaCl,ZrCl4,0.919219463,0.080780537,803.2930189,Morozov and Korshunov (1956),
NaCl,ZrCl4,0.895827086,0.104172914,807.7404,Morozov and Korshunov (1956),
NaCl,ZrCl4,0.882105433,0.117894567,807.8649267,Morozov and Korshunov (1956),
NaCl,ZrCl4,0.878389963,0.121610037,814.5537879,Morozov and Korshunov (1956),
NaCl,ZrCl4,0.860505561,0.139494439,806.8509238,Morozov and Korshunov (1956),
NaCl,ZrCl4,0.842349234,0.157650766,822.1410201,Morozov and Korshunov (1956),
NaCl,ZrCl4,0.801735749,0.198264251,808.5942972,Morozov and Korshunov (1956),
NaCl,ZrCl4,0.789012851,0.210987149,809.3147729,Morozov and Korshunov (1956),
NaCl,ZrCl4,0.77721416,0.22278584,808.2118224,Morozov and Korshunov (1956),
NaCl,ZrCl4,0.748958466,0.251041534,813.913365,Morozov and Korshunov (1956),
NaCl,ZrCl4,0.713543758,0.286456242,809.9996696,Morozov and Korshunov (1956),
NaCl,ZrCl4,0.672576177,0.327423823,784.9609139,Morozov and Korshunov (1956),
NaCl,ZrCl4,0.931978788,0.068021212,644.6638288,Morozov and Korshunov (1956),
NaCl,ZrCl4,0.917351563,0.082648437,647.2166256,Morozov and Korshunov (1956),
NaCl,ZrCl4,0.895733055,0.104266945,645.5977789,Morozov and Korshunov (1956),
NaCl,ZrCl4,0.880863554,0.119136446,640.2876058,Morozov and Korshunov (1956),
NaCl,ZrCl4,0.867160538,0.132839462,641.0169763,Morozov and Korshunov (1956),
NaCl,ZrCl4,0.853513431,0.146486569,643.5608783,Morozov and Korshunov (1956),
NaCl,ZrCl4,0.849816598,0.150183402,650.8545833,Morozov and Korshunov (1956),
NaCl,ZrCl4,0.802621837,0.197378163,646.4427813,Morozov and Korshunov (1956),
NaCl,ZrCl4,0.786939948,0.213060052,646.5850975,Morozov and Korshunov (1956),
NaCl,ZrCl4,0.771276695,0.228723305,647.3322575,Morozov and Korshunov (1956),
NaCl,ZrCl4,0.752654451,0.247345549,647.501258,Morozov and Korshunov (1956),
NaCl,ZrCl4,0.701632401,0.298367599,646.1492541,Morozov and Korshunov (1956),
NaCl,ZrCl4,0.672191585,0.327808415,645.2064093,Morozov and Korshunov (1956),
NaCl,ZrCl4,0.644543275,0.355456725,638.8021805,Morozov and Korshunov (1956),
NaCl,ZrCl4,0.622019196,0.377980804,639.6116039,Morozov and Korshunov (1956),
NaCl,ZrCl4,0.597628063,0.402371937,643.4630359,Morozov and Korshunov (1956),
NaCl,ZrCl4,0.55847925,0.44152075,645.6333579,Morozov and Korshunov (1956),
NaCl,ZrCl4,0.53088685,0.46911315,641.0436606,Morozov and Korshunov (1956),
NaCl,ZrCl4,0.930972409,0.069027591,612.0022618,Morozov and Korshunov (1956),
NaCl,ZrCl4,0.913274374,0.086725626,610.347836,Morozov and Korshunov (1956),
NaCl,ZrCl4,0.891618593,0.108381407,607.5193016,Morozov and Korshunov (1956),
NaCl,ZrCl4,0.870223724,0.129776276,613.1585809,Morozov and Korshunov (1956),
NaCl,ZrCl4,0.855577863,0.144422137,615.1065338,Morozov and Korshunov (1956),
NaCl,ZrCl4,0.838804036,0.161195964,611.6286818,Morozov and Korshunov (1956),
NaCl,ZrCl4,0.796845324,0.203154676,618.0595949,Morozov and Korshunov (1956),
NaCl,ZrCl4,0.783898786,0.216101214,611.5219446,Morozov and Korshunov (1956),
NaCl,ZrCl4,0.770158496,0.229841504,611.0416275,Morozov and Korshunov (1956),
NaCl,ZrCl4,0.748577262,0.251422738,610.6324684,Morozov and Korshunov (1956),
NaCl,ZrCl4,0.713311647,0.286688353,611.5575237,Morozov and Korshunov (1956),
NaCl,ZrCl4,0.66711564,0.33288436,607.7416707,Morozov and Korshunov (1956),
NaCl,ZrCl4,0.641118368,0.358881632,623.1029251,Morozov and Korshunov (1956),
NaCl,ZrCl4,0.613525968,0.386474032,618.5132278,Morozov and Korshunov (1956),
NaCl,ZrCl4,0.593606784,0.406393216,608.4087779,Morozov and Korshunov (1956),
NaCl,ZrCl4,0.559395834,0.440604166,611.7443137,Morozov and Korshunov (1956),
NaCl,ZrCl4,0.532709006,0.467290994,604.7263463,Morozov and Korshunov (1956),
NaCl,ZrCl4,0.488696875,0.511303125,608.1508298,Morozov and Korshunov (1956),
NaCl,ZrCl4,0.48631562,0.51368438,626.322829,Morozov and Korshunov (1956),
NaCl,ZrCl4,0.620136895,0.379863105,578.5223767,Morozov and Korshunov (1956),
NaCl,ZrCl4,0.597594179,0.402405821,578.7269562,Morozov and Korshunov (1956),
NaCl,ZrCl4,0.53185172,0.46814828,576.9035299,Morozov and Korshunov (1956),
NaCl,ZrCl4,0.487727769,0.512272231,576.6989504,Morozov and Korshunov (1956),
NaCl,ZrCl4,0.409560599,0.590439401,585.2735012,Morozov and Korshunov (1956),
NaCl,ZrCl4,0.395727126,0.604272874,581.7689649,Morozov and Korshunov (1956),
NaCl,ZrCl4,0.347608156,0.652391844,579.1805891,Morozov and Korshunov (1956),
NaCl,ZrCl4,0.298676798,0.701323202,582.0447025,Morozov and Korshunov (1956),
NaCl,ZrCl4,0.299899193,0.700100807,589.8987776,Morozov and Korshunov (1956),
NaCl,ZrCl4,0.172059434,0.827940566,672.7356985,Morozov and Korshunov (1956),
NaCl,ZrCl4,0.004373682,0.995626318,703.2981016,Morozov and Korshunov (1956),
NaCl,ZrCl4,0.171280083,0.828719917,583.8058655,Morozov and Korshunov (1956),
MgCl2,NaCl,1,0,993,Abramov (1935),liquidus
MgCl2,NaCl,0.798661594,0.201338406,938,Abramov (1935),liquidus
MgCl2,NaCl,0.665219304,0.334780696,879,Abramov (1935),liquidus
MgCl2,NaCl,0.586544147,0.413455853,838,Abramov (1935),liquidus
MgCl2,NaCl,0.499302751,0.500697249,753,Abramov (1935),liquidus
MgCl2,NaCl,0.459783302,0.540216698,733,Abramov (1935),liquidus
MgCl2,NaCl,0.410007193,0.589992807,733,Abramov (1935),liquidus
MgCl2,NaCl,0.378458811,0.621541189,753,Abramov (1935),liquidus
MgCl2,NaCl,0.329822333,0.670177667,833,Abramov (1935),liquidus
MgCl2,NaCl,0.200450848,0.799549152,968,Abramov (1935),liquidus
MgCl2,NaCl,0,1,1088,Abramov (1935),liquidus
MgCl2,NaCl,0.896523487,0.103476513,688.1257378,Abramov (1935),solidus
MgCl2,NaCl,0.892149265,0.107850735,715.5233591,Abramov (1935),solidus
MgCl2,NaCl,0.823156206,0.176843794,720.4265319,Abramov (1935),solidus
MgCl2,NaCl,0.824850983,0.175149017,694.8410538,Abramov (1935),solidus
MgCl2,NaCl,0.637143734,0.362856266,724.5701237,Abramov (1935),solidus
MgCl2,NaCl,0.636537028,0.363462972,701.6772827,Abramov (1935),solidus
MgCl2,NaCl,0.515778247,0.484221753,722.3820654,Abramov (1935),solidus
MgCl2,NaCl,0.517131224,0.482868776,699.438069,Abramov (1935),solidus
MgCl2,NaCl,0.490414226,0.509585774,679.0223921,Abramov (1935),solidus
MgCl2,NaCl,0.464279097,0.535720903,694.7325422,Abramov (1935),solidus
MgCl2,NaCl,0.378763609,0.621236391,698.1452311,Abramov (1935),solidus
MgCl2,NaCl,0.379091948,0.620908052,713.994121,Abramov (1935),solidus
MgCl2,NaCl,0.352079722,0.647920278,712.1967043,Abramov (1935),solidus
MgCl2,NaCl,0.306244153,0.693755847,703.1142859,Abramov (1935),solidus
MgCl2,NaCl,0.306068215,0.693931785,733.9571496,Abramov (1935),solidus
MgCl2,NaCl,0.230292384,0.769707616,745.3965943,Abramov (1935),solidus
MgCl2,NaCl,0.230991087,0.769008913,704.8427202,Abramov (1935),solidus
MgCl2,NaCl,0.1483717,0.8516283,740.5670543,Abramov (1935),solidus
MgCl2,NaCl,0.149023123,0.850976877,700.8936742,Abramov (1935),solidus
MgCl2,NaCl,0.099400793,0.900599207,739.9206354,Abramov (1935),solidus
MgCl2,NaCl,0.099406164,0.900593836,700.272833,Abramov (1935),solidus
MgCl2,NaCl,0.049067468,0.950932532,698.0444704,Abramov (1935),solidus
MgCl2,NaCl,0.046223522,0.953776478,739.5811492,Abramov (1935),solidus
MgCl2,NaCl,0,1,1073.919578,Grjotheim (1972),liquidus
MgCl2,NaCl,0.09936766,0.90063234,1032.676795,Grjotheim (1972),liquidus
MgCl2,NaCl,0.173441734,0.826558266,983.6581911,Grjotheim (1972),liquidus
MgCl2,NaCl,0.220415537,0.779584463,941.1536431,Grjotheim (1972),liquidus
MgCl2,NaCl,0.269196025,0.730803975,882.5159001,Grjotheim (1972),liquidus
MgCl2,NaCl,0.309846432,0.690153568,830.3485028,Grjotheim (1972),liquidus
MgCl2,NaCl,0.327913279,0.672086721,804.961252,Grjotheim (1972),liquidus
MgCl2,NaCl,0.355916893,0.644083107,762.9612437,Grjotheim (1972),liquidus
MgCl2,NaCl,0.356820235,0.643179765,748.2126185,Grjotheim (1972),liquidus
MgCl2,NaCl,0.383017164,0.616982836,741.700644,Grjotheim (1972),liquidus
MgCl2,NaCl,0.39295393,0.60704607,736.1477943,Grjotheim (1972),liquidus
MgCl2,NaCl,0.413730804,0.586269196,722.735866,Grjotheim (1972),liquidus
MgCl2,NaCl,0.433604336,0.566395664,733.7499823,Grjotheim (1972),liquidus
MgCl2,NaCl,0.448961156,0.551038844,738.7837224,Grjotheim (1972),liquidus
MgCl2,NaCl,0.475158085,0.524841915,741.0275082,Grjotheim (1972),liquidus
MgCl2,NaCl,0.494128275,0.505871725,754.8086829,Grjotheim (1972),liquidus
MgCl2,NaCl,0.504968383,0.495031617,765.382784,Grjotheim (1972),liquidus
MgCl2,NaCl,0.544715447,0.455284553,796.6276065,Grjotheim (1972),liquidus
MgCl2,NaCl,0.59530262,0.40469738,832.4557466,Grjotheim (1972),liquidus
MgCl2,NaCl,0.999096658,0.000903342,988.6682028,Grjotheim (1972),liquidus
MgCl2,NaCl,0.095754291,0.904245709,745.127517,Grjotheim (1972),solidus
MgCl2,NaCl,0.17163505,0.82836495,750.0218009,Grjotheim (1972),solidus
MgCl2,NaCl,0.219512195,0.780487805,748.5289965,Grjotheim (1972),solidus
MgCl2,NaCl,0.27100271,0.72899729,748.8711842,Grjotheim (1972),solidus
MgCl2,NaCl,0.309846432,0.690153568,740.4867517,Grjotheim (1972),solidus
MgCl2,NaCl,0.328816621,0.671183379,746.433825,Grjotheim (1972),solidus
MgCl2,NaCl,0.356820235,0.643179765,748.2126185,Grjotheim (1972),solidus
MgCl2,NaCl,0.328816621,0.671183379,714.6365899,Grjotheim (1972),solidus
MgCl2,NaCl,0.356820235,0.643179765,718.7195309,Grjotheim (1972),solidus
MgCl2,NaCl,0.382113821,0.617886179,718.2004213,Grjotheim (1972),solidus
MgCl2,NaCl,0.392050587,0.607949413,715.873378,Grjotheim (1972),solidus
MgCl2,NaCl,0.401987353,0.598012647,718.6154592,Grjotheim (1972),solidus
MgCl2,NaCl,0.413730804,0.586269196,722.735866,Grjotheim (1972),solidus
MgCl2,NaCl,0.414634146,0.585365854,717.6646602,Grjotheim (1972),solidus
MgCl2,NaCl,0.433604336,0.566395664,718.0817795,Grjotheim (1972),solidus
MgCl2,NaCl,0.448961156,0.551038844,718.0463952,Grjotheim (1972),solidus
MgCl2,NaCl,0.475158085,0.524841915,717.5252041,Grjotheim (1972),solidus
MgCl2,NaCl,0.494128275,0.505871725,740.5229686,Grjotheim (1972),solidus
MgCl2,NaCl,0.504968383,0.495031617,740.0371619,Grjotheim (1972),solidus
MgCl2,NaCl,0.544715447,0.455284553,739.4847493,Grjotheim (1972),solidus
MgCl2,NaCl,0.59530262,0.40469738,741.211507,Grjotheim (1972),solidus
MgCl2,NaCl,1,0,984,Menge (1911),liquidus
MgCl2,NaCl,0.892,0.108,947,Menge (1911),liquidus
MgCl2,NaCl,0.825,0.175,923,Menge (1911),liquidus
MgCl2,NaCl,0.64,0.36,852,Menge (1911),liquidus
MgCl2,NaCl,0.52,0.48,763,Menge (1911),liquidus
MgCl2,NaCl,0.468,0.532,712,Menge (1911),liquidus
MgCl2,NaCl,0.387,0.613,761,Menge (1911),liquidus
MgCl2,NaCl,0.357,0.643,765,Menge (1911),liquidus
MgCl2,NaCl,0.311,0.689,818,Menge (1911),liquidus
MgCl2,NaCl,0.234,0.766,911,Menge (1911),liquidus
MgCl2,NaCl,0.155,0.845,985,Menge (1911),liquidus
MgCl2,NaCl,0.098,0.902,1030,Menge (1911),liquidus
MgCl2,NaCl,0.051,0.949,1055,Menge (1911),liquidus
MgCl2,NaCl,0,1,1076,Menge (1911),liquidus
MgCl2,NaCl,0.892,0.108,719,Menge (1911),solidus
MgCl2,NaCl,0.825,0.175,722,Menge (1911),solidus
MgCl2,NaCl,0.64,0.36,725,Menge (1911),solidus
MgCl2,NaCl,0.52,0.48,718,Menge (1911),solidus
MgCl2,NaCl,0.311,0.689,733,Menge (1911),solidus
MgCl2,NaCl,0.234,0.766,741,Menge (1911),solidus
MgCl2,NaCl,0.155,0.845,741,Menge (1911),solidus
MgCl2,NaCl,0.098,0.902,739,Menge (1911),solidus
MgCl2,NaCl,0.051,0.949,733,Menge (1911),solidus
MgCl2,NaCl,0.892,0.108,692,Menge (1911),solidus
MgCl2,NaCl,0.825,0.175,702,Menge (1911),solidus
MgCl2,NaCl,0.64,0.36,705,Menge (1911),solidus
MgCl2,NaCl,0.52,0.48,702,Menge (1911),solidus
MgCl2,NaCl,0.468,0.532,703,Menge (1911),solidus
MgCl2,NaCl,0.44,0.56,703,Menge (1911),solidus
MgCl2,NaCl,0.387,0.613,703,Menge (1911),solidus
MgCl2,NaCl,0.357,0.643,710,Menge (1911),solidus
MgCl2,NaCl,0.311,0.689,704,Menge (1911),solidus
MgCl2,NaCl,0.234,0.766,702,Menge (1911),solidus
MgCl2,NaCl,0.155,0.845,703,Menge (1911),solidus
MgCl2,NaCl,0.098,0.902,702,Menge (1911),solidus
MgCl2,NaCl,0.051,0.949,696,Menge (1911),solidus
MgCl2,NaCl,0.0000609,0.9999391,1072.40239,Matiasovsky (1959),liquidus
MgCl2,NaCl,0.061418631,0.938581369,1038.338645,Matiasovsky (1959),liquidus
MgCl2,NaCl,0.095454308,0.904545692,1017.422311,Matiasovsky (1959),liquidus
MgCl2,NaCl,0.130920502,0.869079498,994.7131474,Matiasovsky (1959),liquidus
MgCl2,NaCl,0.208622749,0.791377251,933.1593625,Matiasovsky (1959),liquidus
MgCl2,NaCl,0.246833392,0.753166608,896.7051793,Matiasovsky (1959),liquidus
MgCl2,NaCl,0.33237355,0.66762645,823.7968127,Matiasovsky (1959),liquidus
MgCl2,NaCl,0.375232399,0.624767601,780.7689243,Matiasovsky (1959),liquidus
MgCl2,NaCl,0.427131576,0.572868424,735.3505976,Matiasovsky (1959),liquidus
MgCl2,NaCl,0.475386988,0.524613012,731.7649402,Matiasovsky (1959),liquidus
MgCl2,NaCl,0.497076435,0.502923565,740.7290837,Matiasovsky (1959),liquidus
MgCl2,NaCl,0.55792326,0.44207674,784.3545817,Matiasovsky (1959),liquidus
MgCl2,NaCl,0.698895455,0.301104545,865.0318725,Matiasovsky (1959),liquidus
MgCl2,NaCl,0.832369387,0.167630613,921.8047809,Matiasovsky (1959),liquidus
MgCl2,NaCl,0.999863685,0.000136315,980.9681275,Matiasovsky (1959),liquidus
MgCl2,NaCl,0.095721479,0.904278521,761.0478088,Matiasovsky (1959),solidus
MgCl2,NaCl,0.129294055,0.870705945,762.8406375,Matiasovsky (1959),solidus
MgCl2,NaCl,0.208347678,0.791652322,758.059761,Matiasovsky (1959),solidus
MgCl2,NaCl,0.245134919,0.754865081,759.2549801,Matiasovsky (1959),solidus
MgCl2,NaCl,0.333064591,0.666935409,758.6573705,Matiasovsky (1959),solidus
MgCl2,NaCl,0.334618027,0.665381973,722.8007968,Matiasovsky (1959),solidus
MgCl2,NaCl,0.376038757,0.623961243,760.4501992,Matiasovsky (1959),solidus
MgCl2,NaCl,0.427105593,0.572894407,722.2031873,Matiasovsky (1959),solidus
MgCl2,NaCl,0.474436444,0.525563556,722.8007968,Matiasovsky (1959),solidus
MgCl2,NaCl,0.496084345,0.503915655,721.6055777,Matiasovsky (1959),solidus
MgCl2,NaCl,0.497065056,0.502934944,735.3505976,Matiasovsky (1959),solidus
MgCl2,NaCl,0.557816127,0.442183873,736.5458167,Matiasovsky (1959),solidus
MgCl2,NaCl,0.557774615,0.442225385,718.0199203,Matiasovsky (1959),solidus
MgCl2,NaCl,0.700856001,0.299143999,734.752988,Matiasovsky (1959),solidus
MgCl2,NaCl,0.700822485,0.299177515,721.6055777,Matiasovsky (1959),solidus
MgCl2,NaCl,0.830565061,0.169434939,738.3386454,Matiasovsky (1959),solidus
MgCl2,NaCl,0.799050069,0.200949931,985.4509355,Scholich (1920),liquidus
MgCl2,NaCl,0.69983147,0.30016853,882.2286499,Scholich (1920),liquidus
MgCl2,NaCl,0.599855125,0.400144875,766.9948136,Scholich (1920),liquidus
MgCl2,NaCl,0.59988359,0.40011641,748.6636412,Scholich (1920),liquidus
MgCl2,NaCl,0.609975746,0.390024254,749.3148906,Scholich (1920),liquidus
MgCl2,NaCl,0.399492153,0.600507847,800.7488661,Scholich (1920),liquidus
MgCl2,NaCl,0.300003632,0.699996368,871.3566628,Scholich (1920),liquidus
MgCl2,NaCl,0.199769143,0.800230857,922.3675961,Scholich (1920),liquidus
MgCl2,NaCl,0.799418145,0.200581855,748.4099141,Scholich (1920),solidus
MgCl2,NaCl,0.799470167,0.200529833,714.9081164,Scholich (1920),solidus
MgCl2,NaCl,0.70003563,0.29996437,750.7498967,Scholich (1920),solidus
MgCl2,NaCl,0.699316164,0.300683836,714.0860798,Scholich (1920),solidus
MgCl2,NaCl,0.499778664,0.500221336,716.2361351,Scholich (1920),solidus
MgCl2,NaCl,0.449310029,0.550689971,718.0367634,Scholich (1920),solidus
MgCl2,NaCl,0.450069738,0.549930262,728.7840954,Scholich (1920),solidus
MgCl2,NaCl,0.399624661,0.600375339,715.4140984,Scholich (1920),solidus
MgCl2,NaCl,0.299468694,0.700531306,715.8562805,Scholich (1920),solidus
MgCl2,NaCl,0.300215644,0.699784356,734.8210345,Scholich (1920),solidus
MgCl2,NaCl,0.198539278,0.801460722,714.4006621,Scholich (1920),solidus
MgCl2,NaCl,0.200060659,0.799939341,734.6311072,Scholich (1920),solidus
MgCl2,NaCl,0.20791825,0.79208175,952.3100748,Seifert (1977),liquidus
MgCl2,NaCl,0.273408707,0.726591293,891.4401993,Seifert (1977),liquidus
MgCl2,NaCl,0.327029026,0.672970974,826.6065398,Seifert (1977),liquidus
MgCl2,NaCl,0.351383875,0.648616125,786.8061366,Seifert (1977),liquidus
MgCl2,NaCl,0.546753975,0.453246025,772.9477615,Seifert (1977),liquidus
MgCl2,NaCl,0.577516222,0.422483778,805.8673498,Seifert (1977),liquidus
MgCl2,NaCl,0.634815044,0.365184956,849.5522375,Seifert (1977),liquidus
MgCl2,NaCl,0.671836992,0.328163008,870.5328944,Seifert (1977),liquidus
MgCl2,NaCl,0.729108059,0.270891941,898.3087227,Seifert (1977),liquidus
MgCl2,NaCl,0.810810302,0.189189698,930.0340611,Seifert (1977),liquidus
MgCl2,NaCl,0.894602085,0.105397915,959.4842977,Seifert (1977),liquidus
MgCl2,NaCl,0.998486083,0.001513917,988.5339806,Klemm (1940),liquidus
MgCl2,NaCl,0.897260899,0.102739101,972.5145631,Klemm (1940),liquidus
MgCl2,NaCl,0.797549633,0.202450367,942.6601942,Klemm (1940),liquidus
MgCl2,NaCl,0.699285544,0.300714456,912.8058252,Klemm (1940),liquidus
MgCl2,NaCl,0.596781785,0.403218215,861.8349515,Klemm (1940),liquidus
MgCl2,NaCl,0.547742824,0.452257176,827.6116505,Klemm (1940),liquidus
MgCl2,NaCl,0.498756551,0.501243449,782.4660194,Klemm (1940),liquidus
MgCl2,NaCl,0.446889972,0.553110028,734.407767,Klemm (1940),liquidus
MgCl2,NaCl,0.423721074,0.576278926,737.3203883,Klemm (1940),liquidus
MgCl2,NaCl,0.397742121,0.602257879,722.7572816,Klemm (1940),liquidus
MgCl2,NaCl,0.35994689,0.64005311,757.7087379,Klemm (1940),liquidus
MgCl2,NaCl,0.327859582,0.672140418,809.407767,Klemm (1940),liquidus
MgCl2,NaCl,0.298656091,0.701343909,863.2912621,Klemm (1940),liquidus
MgCl2,NaCl,0.24768873,0.75231127,928.8252427,Klemm (1940),liquidus
MgCl2,NaCl,0.220058871,0.779941129,956.4951456,Klemm (1940),liquidus
MgCl2,NaCl,0.195337417,0.804662583,981.2524272,Klemm (1940),liquidus
MgCl2,NaCl,0.148908294,0.851091706,1006.009709,Klemm (1940),liquidus
MgCl2,NaCl,0.098134124,0.901865876,1031.495146,Klemm (1940),liquidus
MgCl2,NaCl,0,1,1074.456311,Klemm (1940),liquidus
MgCl2,NaCl,0.896976381,0.103023619,731.4951456,Klemm (1940),solidus
MgCl2,NaCl,0.798564765,0.201435235,732.223301,Klemm (1940),solidus
MgCl2,NaCl,0.698698945,0.301301055,734.407767,Klemm (1940),solidus
MgCl2,NaCl,0.597368384,0.402631616,740.2330097,Klemm (1940),solidus
MgCl2,NaCl,0.54961151,0.45038849,740.2330097,Klemm (1940),solidus
MgCl2,NaCl,0.494618746,0.505381254,740.2330097,Klemm (1940),solidus
MgCl2,NaCl,0.448467115,0.551532885,707.4660194,Klemm (1940),solidus
MgCl2,NaCl,0.397742121,0.602257879,722.7572816,Klemm (1940),solidus
MgCl2,NaCl,0.38038301,0.61961699,721.3009709,Klemm (1940),solidus
MgCl2,NaCl,0.358678853,0.641321147,720.5728155,Klemm (1940),solidus
MgCl2,NaCl,0.331171933,0.668828067,722.7572816,Klemm (1940),solidus
MgCl2,NaCl,0.328101949,0.671898051,759.1650485,Klemm (1940),solidus
MgCl2,NaCl,0.29626052,0.70373948,759.8932039,Klemm (1940),solidus
MgCl2,NaCl,0.247059981,0.752940019,759.1650485,Klemm (1940),solidus
MgCl2,NaCl,0.221000239,0.778999761,761.3495146,Klemm (1940),solidus
MgCl2,NaCl,0.197852416,0.802147584,759.8932039,Klemm (1940),solidus
MgCl2,NaCl,0.150077979,0.849922021,763.5339806,Klemm (1940),solidus
MgCl2,NaCl,0.099447824,0.900552176,759.1650485,Klemm (1940),solidus
